category,offpeak_discount_burn,offpeak_net_sales,offpeak_promo_rate,peak_net_sales,peak_gross_profit,peak_cogs,peak_units,peak_sku_count,peak_margin,peak_stockout_days,peak_stockout_sku_months,peak_sku_months,peak_units_sold_inventory,peak_stockout_days_per_sku_month,stockout_sku_month_rate,recoverable_gp_proxy,inventory_cogs_required_proxy,recoverable_lost_units_proxy,gp_per_inventory_vnd,offpeak_discount_burn_rank,peak_net_sales_rank,peak_stockout_days_per_sku_month_rank,gp_per_inventory_vnd_rank,priority_score,recommended_action
Streetwear,383201291.5,6961906573.79,0.46083404224346175,4294289071.56,624596619.4954107,3669692452.0645895,597761,777,0.14544820087496146,10537,5441,8029,194804,1.3123676672063769,0.6776684518620002,45617577.70558646,206616088.36404225,37760.20436573688,0.22078424805531924,1.0,1.0,1.0,0.25,85.00000000000001,Pre-peak inventory funding
Outdoor,107504224.26,1515458826.19,0.474910446288093,590815560.21,94931860.71391694,495883699.4960831,273246,420,0.16067935089619892,5586,3547,5156,89305,1.0833979829325058,0.6879363847944143,4309697.072160705,15459224.923450757,9195.051337458284,0.27877834066720525,0.75,0.75,0.25,0.75,62.5,Pre-peak inventory funding
GenZ,10233307.4,178308640.49,0.40407272727272725,117297216.17,21843917.830716368,95453298.33928363,57189,104,0.18622707804981292,1632,887,1263,18611,1.2921615201900238,0.7022961203483769,2043173.716550979,5165958.8259596415,3767.8694474252566,0.39550716244267276,0.25,0.25,0.75,1.0,52.5,Monitor only
Casual,13794228.04,248365115.53,0.39380368548564715,145579605.29,14968268.350208,130611336.939792,35396,100,0.10281844301192225,1145,607,902,11588,1.26940133037694,0.6729490022172949,1556961.4700019949,6871526.2964078905,2045.8395003782935,0.22658160688636247,0.5,0.5,0.5,0.5,50.0,Monitor only
